CustomerID,Name,Email
1,Brynn Munoz,ornare@icloud.net
2,Bruce Ware,ac.tellus.suspendisse@aol.org
3,Leslie Terry,mi.fringilla.mi@protonmail.couk
4,Tad Forbes,eu@icloud.com
5,Zachery Lynn,conubia.nostra@google.couk
6,Orson Clark,tempor.erat.neque@protonmail.net
7,Cedric Allen,eleifend.vitae.erat@icloud.couk
8,Wallace Conrad,mauris.nulla.integer@google.org
9,Claudia Martinez,ut.erat@yahoo.net
10,Harriet Albert,ante@yahoo.org
11,Vance Rice,gravida.mauris@yahoo.org
12,Tad Schneider,lacinia@yahoo.org
13,Andrew Roman,neque.tellus@protonmail.ca
14,Camden Hoover,at.nisi@google.edu
15,Dale Shaffer,mauris.ut.quam@icloud.ca
16,Kennedy King,pede@protonmail.net
17,Yuli Sullivan,convallis@google.edu
18,Maisie Ruiz,risus.a.ultricies@hotmail.com
19,Harlan Stuart,velit.cras@yahoo.net
20,Brenda Price,elit.sed.consequat@icloud.org
21,Carol Jefferson,eu.eleifend@hotmail.com
22,Kato Garrison,mollis@outlook.ca
23,James Newton,lacus.pede@google.couk
24,Tatyana Stokes,orci.lobortis@protonmail.edu
25,Lyle Jacobs,semper.pretium@outlook.com
26,Eugenia Rowland,consectetuer@hotmail.ca
27,Judith Mack,mauris.ipsum.porta@icloud.com
28,Evan Leonard,luctus@icloud.edu
29,Asher Witt,euismod@yahoo.org
30,Gregory Ware,et.commodo@hotmail.edu
31,Zenaida Woodard,ut@google.couk
32,Uta Harmon,ipsum.sodales@icloud.net
33,Samuel Hart,donec.egestas.duis@hotmail.net
34,Charles Pennington,quisque@icloud.com
35,Rana Nolan,rutrum.lorem@protonmail.couk
36,Nita Sears,dui@aol.edu
37,Jolene Lyons,sed.nulla@yahoo.com
38,Russell Ashley,luctus.ipsum@outlook.ca
39,Margaret Wilkinson,dolor.tempus@hotmail.com
40,Anjolie Guthrie,dignissim.tempor@google.org
41,Quail Valdez,lorem.donec.elementum@yahoo.net
42,Gage York,porttitor.tellus@google.net
43,Zenia Leach,sed.nec@outlook.ca
44,Austin Keith,fusce.mi.lorem@yahoo.ca
45,Dillon Kirk,aliquam@protonmail.couk
46,Chantale Smith,eu@outlook.edu
47,Hyatt Jimenez,ac.ipsum.phasellus@icloud.com
48,Remedios Mcdowell,libero@outlook.net
49,Zenia Caldwell,nam.ac.nulla@icloud.edu
50,Yael Boyer,metus.urna@yahoo.couk
51,Lyle Velasquez,nisi.magna@protonmail.com
52,Holmes Wiggins,ornare.tortor.at@yahoo.ca
53,Christopher Odom,suspendisse.aliquet.sem@hotmail.org
54,Mariam Hood,ligula.consectetuer.rhoncus@icloud.ca
55,Odette Velasquez,sed.eget.lacus@aol.edu
56,Elmo Booker,metus.sit@aol.couk
57,Lael Gill,fermentum.risus.at@hotmail.com
58,Griffith Hunter,enim@outlook.edu
59,Mechelle Hess,nunc.quis@outlook.com
60,Otto Booth,lorem.donec@protonmail.couk
61,Yoko Woodard,vulputate.dui.nec@hotmail.ca
62,Plato Hutchinson,ac.fermentum@google.org
63,Tyrone Sexton,eu.tempor.erat@google.ca
64,Orla Ward,sapien.molestie.orci@protonmail.ca
65,Shannon Donovan,lorem.luctus@aol.edu
66,Emerson Dunlap,placerat.cras@protonmail.org
67,Nadine Vincent,nulla.tempor@yahoo.com
68,Linda Mcneil,non.lobortis@hotmail.edu
69,Bell Kirby,feugiat.metus@yahoo.com
70,Chandler Mcbride,arcu.nunc@protonmail.org
71,Burton Dawson,velit.eget@yahoo.ca
72,Bradley Sellers,sit.amet.luctus@aol.couk
73,Ivana Alvarado,dis.parturient@outlook.couk
74,Dieter Serrano,amet.metus@google.com
75,Isadora Davidson,et.risus@protonmail.org
76,Lillian Humphrey,in.tincidunt.congue@hotmail.couk
77,Yardley Terry,fusce.mollis@hotmail.couk
78,Wade Roy,sed.facilisis@google.org
79,Ella Taylor,sodales@google.net
80,Brianna Herring,mauris.sit.amet@icloud.net
81,Kirestin Burks,placerat@yahoo.net
82,Brendan Clark,etiam.laoreet@outlook.couk
83,Abel Moss,ac.arcu.nunc@google.ca
84,Jamalia Leon,penatibus.et@aol.com
85,Keefe Randall,et.euismod@google.couk
86,Rigel Mclaughlin,ipsum.non@yahoo.net
87,Wilma Clayton,mi.aliquam.gravida@icloud.org
88,Serina Noble,mauris.rhoncus.id@yahoo.couk
89,Ulric Bean,aliquet@google.com
90,Autumn Stafford,malesuada.malesuada@yahoo.com
91,Chancellor Melendez,nulla@protonmail.com
92,Lev Erickson,enim@aol.com
93,Tamekah Bonner,mus.proin@protonmail.org
94,Lucian Bauer,lorem@outlook.net
95,Alisa Macias,velit.in.aliquet@hotmail.org
96,Noel Lawrence,placerat.orci.lacus@google.com
97,Emmanuel Nicholson,egestas.duis.ac@hotmail.ca
98,Alexa Bass,a.magna.lorem@google.org
99,Stacey Griffin,fermentum.risus.at@hotmail.edu
100,Naida Mcpherson,dolor.sit@outlook.com